target_kappaR,actual_kappaR,delta,delta_over_pi,Fbar,Pi_left
6.0,5.929535736275306,0.0,0.0,0.012000616304128835,-1.794019170416397e-15
6.0,5.929535736275306,0.09817477042468103,0.03125,0.011943524323336958,0.0019637244125853843
6.0,5.929535736275306,0.19634954084936207,0.0625,0.011772711809198859,0.003908539408715146
6.0,5.929535736275306,0.2945243112740431,0.09375,0.011489569669806507,0.00581571755933652
6.0,5.929535736275306,0.39269908169872414,0.125,0.011096417114468366,0.0076668936454582035
6.0,5.929535736275306,0.4908738521234052,0.15625,0.01059649995931085,0.00944424137634529
6.0,5.929535736275306,0.5890486225480862,0.1875,0.009993983143700511,0.011130644910294998
6.0,5.929535736275306,0.6872233929727672,0.21875,0.009293934911781132,0.012709863547956684
6.0,5.929535736275306,0.7853981633974483,0.25,0.00850230174299928,0.01416668804160199
6.0,5.929535736275306,0.8835729338221293,0.28125,0.007625874872072692,0.01548708704375754
6.0,5.929535736275306,0.9817477042468103,0.3125,0.006672250310576281,0.01665834230410773
6.0,5.929535736275306,1.0799224746714913,0.34374999999999994,0.005649784186997006,0.017669171316316568
6.0,5.929535736275306,1.1780972450961724,0.375,0.004567544022592011,0.018509836219881046
6.0,5.929535736275306,1.2762720155208536,0.40625000000000006,0.003435254832054781,0.01917223787983673
6.0,5.929535736275306,1.3744467859455345,0.4375,0.002263237504474586,0.019649994201132004
6.0,5.929535736275306,1.4726215563702154,0.46874999999999994,0.0010623364782178966,0.019938501884534485
6.0,5.929535736275306,1.5707963267948966,0.5,-0.0001561654718293866,0.020034980994662947
6.0,5.929535736275306,1.6689710972195777,0.53125,-0.0013806457640529297,0.019938501884534835
6.0,5.929535736275306,1.7671458676442586,0.5625,-0.0025992523003805293,0.019649994201132705
6.0,5.929535736275306,1.8653206380689396,0.59375,-0.003800022541165488,0.019172237879837767
6.0,5.929535736275306,1.9634954084936207,0.625,-0.004971008058795366,0.018509836219882416
6.0,5.929535736275306,2.061670178918302,0.65625,-0.006100402033132761,0.017669171316318257
6.0,5.929535736275306,2.1598449493429825,0.6874999999999999,-0.0071766685180082775,0.016658342304109723
6.0,5.929535736275306,2.2580197197676637,0.71875,-0.008188673494429626,0.015487087043759815
6.0,5.929535736275306,2.356194490192345,0.75,-0.009125818044793295,0.014166688041604524
6.0,5.929535736275306,2.454369260617026,0.78125,-0.009978173157548929,0.012709863547959452
6.0,5.929535736275306,2.552544031041707,0.8125000000000001,-0.010736613976090732,0.011130644910297978
6.0,5.929535736275306,2.650718801466388,0.84375,-0.011392949444792109,0.009444241376348453
6.0,5.929535736275306,2.748893571891069,0.875,-0.011940042102981576,0.00766689364546152
6.0,5.929535736275306,2.84706834231575,0.90625,-0.012371912804563769,0.005815717559339947
6.0,5.929535736275306,2.945243112740431,0.9374999999999999,-0.012683826453271738,0.003908539408718674
6.0,5.929535736275306,3.043417883165112,0.96875,-0.01287235695349432,0.0019637244125889613
6.0,5.929535736275306,3.141592653589793,1.0,-0.012935431667050993,1.7969973382589433e-15
6.0,5.929535736275306,3.2397674240144743,1.03125,-0.012872356953494337,-0.0019637244125853843
6.0,5.929535736275306,3.3379421944391554,1.0625,-0.01268382645327178,-0.00390853940871515
6.0,5.929535736275306,3.436116964863836,1.09375,-0.012371912804563817,-0.005815717559336509
6.0,5.929535736275306,3.5342917352885173,1.125,-0.011940042102981642,-0.007666893645458201
6.0,5.929535736275306,3.6324665057131984,1.15625,-0.01139294944479219,-0.009444241376345287
6.0,5.929535736275306,3.730641276137879,1.1875,-0.010736613976090829,-0.011130644910294994
6.0,5.929535736275306,3.8288160465625602,1.21875,-0.009978173157549036,-0.012709863547956677
6.0,5.929535736275306,3.9269908169872414,1.25,-0.009125818044793413,-0.014166688041601986
6.0,5.929535736275306,4.025165587411922,1.28125,-0.008188673494429751,-0.015487087043757536
6.0,5.929535736275306,4.123340357836604,1.3125,-0.007176668518008406,-0.01665834230410773
6.0,5.929535736275306,4.221515128261284,1.34375,-0.006100402033132881,-0.017669171316316568
6.0,5.929535736275306,4.319689898685965,1.3749999999999998,-0.004971008058795489,-0.018509836219881042
6.0,5.929535736275306,4.417864669110647,1.40625,-0.0038000225411656094,-0.019172237879836726
6.0,5.929535736275306,4.516039439535327,1.4375,-0.002599252300380643,-0.019649994201132004
6.0,5.929535736275306,4.614214209960009,1.46875,-0.001380645764053025,-0.019938501884534485
6.0,5.929535736275306,4.71238898038469,1.5,-0.0001561654718294783,-0.020034980994662943
6.0,5.929535736275306,4.81056375080937,1.53125,0.0010623364782178187,-0.019938501884534835
6.0,5.929535736275306,4.908738521234052,1.5625,0.0022632375044745346,-0.0196499942011327
6.0,5.929535736275306,5.006913291658733,1.59375,0.0034352548320547363,-0.019172237879837767
6.0,5.929535736275306,5.105088062083414,1.6250000000000002,0.004567544022591982,-0.018509836219882416
6.0,5.929535736275306,5.203262832508095,1.65625,0.005649784186996979,-0.017669171316318257
6.0,5.929535736275306,5.301437602932776,1.6875,0.006672250310576269,-0.016658342304109727
6.0,5.929535736275306,5.399612373357457,1.71875,0.007625874872072695,-0.015487087043759812
6.0,5.929535736275306,5.497787143782138,1.75,0.008502301742999286,-0.014166688041604524
6.0,5.929535736275306,5.595961914206819,1.78125,0.009293934911781144,-0.012709863547959464
6.0,5.929535736275306,5.6941366846315,1.8125,0.009993983143700532,-0.01113064491029798
6.0,5.929535736275306,5.792311455056181,1.84375,0.010596499959310859,-0.009444241376348457
6.0,5.929535736275306,5.890486225480862,1.8749999999999998,0.011096417114468373,-0.007666893645461527
6.0,5.929535736275306,5.988660995905543,1.90625,0.011489569669806524,-0.005815717559339949
6.0,5.929535736275306,6.086835766330224,1.9375,0.011772711809198866,-0.003908539408718676
6.0,5.929535736275306,6.1850105367549055,1.96875,0.011943524323336967,-0.001963724412588957
7.0,7.021818635062862,0.0,0.0,0.004381252601239485,-8.557573072016808e-16
7.0,7.021818635062862,0.09817477042468103,0.03125,0.004360264521900245,0.000662480475429623
7.0,7.021818635062862,0.19634954084936207,0.0625,0.0042974858597336595,0.0013185835762563134
7.0,7.021818635062862,0.2945243112740431,0.09375,0.004193474174026546,0.001961993105836343
7.0,7.021818635062862,0.39269908169872414,0.125,0.004049160548381793,0.0025865146549532603
7.0,7.021818635062862,0.4908738521234052,0.15625,0.0038658493976649593,0.0031861350789538457
7.0,7.021818635062862,0.5890486225480862,0.1875,0.0036452136809953595,0.003755080287399295
7.0,7.021818635062862,0.6872233929727672,0.21875,0.0033892834888679824,0.004287870802887608
7.0,7.021818635062862,0.7853981633974483,0.25,0.003100427665058963,0.0047793745601702065
7.0,7.021818635062862,0.8835729338221293,0.28125,0.002781329920711769,0.005224856434206997
7.0,7.021818635062862,0.9817477042468103,0.3125,0.0024349620030319034,0.005620024007755606
7.0,7.021818635062862,1.0799224746714913,0.34374999999999994,0.0020645564209657826,0.005961069117401897
7.0,7.021818635062862,1.1780972450961724,0.375,0.0016735800646215878,0.006244704753314862
7.0,7.021818635062862,1.2762720155208536,0.40625000000000006,0.0012657083445771248,0.006468196933120637
7.0,7.021818635062862,1.3744467859455345,0.4375,0.000844798024782002,0.006629391223300977
7.0,7.021818635062862,1.4726215563702154,0.46874999999999994,0.0004148564074096121,0.006726733640186415
7.0,7.021818635062862,1.5707963267948966,0.5,-1.9994803883060073e-05,0.006759285723943743
7.0,7.021818635062862,1.6689710972195777,0.53125,-0.0004555610803663162,0.006726733640186581
7.0,7.021818635062862,1.7671458676442586,0.5625,-0.0008876204604539729,0.006629391223301308
7.0,7.021818635062862,1.8653206380689396,0.59375,-0.0013119699893681884,0.006468196933121131
7.0,7.021818635062862,1.9634954084936207,0.625,-0.0017244703991662396,0.006244704753315513
7.0,7.021818635062862,2.061670178918302,0.65625,-0.002121087289813477,0.0059610691174027
7.0,7.021818635062862,2.1598449493429825,0.6874999999999999,-0.0024979287398925283,0.005620024007756554
7.0,7.021818635062862,2.2580197197676637,0.71875,-0.0028512807626488116,0.005224856434208078
7.0,7.021818635062862,2.356194490192345,0.75,-0.0031776426323436788,0.004779374560171414
7.0,7.021818635062862,2.454369260617026,0.78125,-0.0034737635449252906,0.004287870802888927
7.0,7.021818635062862,2.552544031041707,0.8125000000000001,-0.003736680594575736,0.003755080287400715
7.0,7.021818635062862,2.650718801466388,0.84375,-0.003963756323044463,0.003186135078955354
7.0,7.021818635062862,2.748893571891069,0.875,-0.004152712933689311,0.0025865146549548406
7.0,7.021818635062862,2.84706834231575,0.90625,-0.004301660215514693,0.0019619931058379786
7.0,7.021818635062862,2.945243112740431,0.9374999999999999,-0.004409115352631977,0.0013185835762579952
7.0,7.021818635062862,3.043417883165112,0.96875,-0.004474014628465372,0.0006624804754313281
7.0,7.021818635062862,3.141592653589793,1.0,-0.004495718777222179,8.569059632874965e-16
7.0,7.021818635062862,3.2397674240144743,1.03125,-0.004474014628465377,-0.0006624804754296228
7.0,7.021818635062862,3.3379421944391554,1.0625,-0.004409115352632002,-0.001318583576256315
7.0,7.021818635062862,3.436116964863836,1.09375,-0.004301660215514721,-0.0019619931058363392
7.0,7.021818635062862,3.5342917352885173,1.125,-0.004152712933689353,-0.002586514654953259
7.0,7.021818635062862,3.6324665057131984,1.15625,-0.00396375632304451,-0.0031861350789538453
7.0,7.021818635062862,3.730641276137879,1.1875,-0.0037366805945757984,-0.0037550802873992928
7.0,7.021818635062862,3.8288160465625602,1.21875,-0.0034737635449253604,-0.004287870802887606
7.0,7.021818635062862,3.9269908169872414,1.25,-0.003177642632343756,-0.004779374560170206
7.0,7.021818635062862,4.025165587411922,1.28125,-0.002851280762648894,-0.005224856434206994
7.0,7.021818635062862,4.123340357836604,1.3125,-0.002497928739892613,-0.005620024007755606
7.0,7.021818635062862,4.221515128261284,1.34375,-0.002121087289813562,-0.005961069117401897
7.0,7.021818635062862,4.319689898685965,1.3749999999999998,-0.00172447039916633,-0.00624470475331486
7.0,7.021818635062862,4.417864669110647,1.40625,-0.0013119699893682814,-0.006468196933120637
7.0,7.021818635062862,4.516039439535327,1.4375,-0.0008876204604540698,-0.006629391223300977
7.0,7.021818635062862,4.614214209960009,1.46875,-0.00045556108036640315,-0.0067267336401864155
7.0,7.021818635062862,4.71238898038469,1.5,-1.9994803883146944e-05,-0.006759285723943742
7.0,7.021818635062862,4.81056375080937,1.53125,0.00041485640740952735,-0.006726733640186582
7.0,7.021818635062862,4.908738521234052,1.5625,0.0008447980247819284,-0.006629391223301308
7.0,7.021818635062862,5.006913291658733,1.59375,0.001265708344577051,-0.0064681969331211306
7.0,7.021818635062862,5.105088062083414,1.6250000000000002,0.0016735800646215154,-0.006244704753315513
7.0,7.021818635062862,5.203262832508095,1.65625,0.0020645564209657227,-0.005961069117402699
7.0,7.021818635062862,5.301437602932776,1.6875,0.0024349620030318423,-0.005620024007756554
7.0,7.021818635062862,5.399612373357457,1.71875,0.002781329920711717,-0.0052248564342080766
7.0,7.021818635062862,5.497787143782138,1.75,0.0031004276650589083,-0.004779374560171414
7.0,7.021818635062862,5.595961914206819,1.78125,0.003389283488867934,-0.00428787080288893
7.0,7.021818635062862,5.6941366846315,1.8125,0.003645213680995323,-0.0037550802874007153
7.0,7.021818635062862,5.792311455056181,1.84375,0.003865849397664924,-0.0031861350789553545
7.0,7.021818635062862,5.890486225480862,1.8749999999999998,0.00404916054838177,-0.0025865146549548432
7.0,7.021818635062862,5.988660995905543,1.90625,0.004193474174026525,-0.001961993105837979
7.0,7.021818635062862,6.086835766330224,1.9375,0.004297485859733646,-0.0013185835762579957
7.0,7.021818635062862,6.1850105367549055,1.96875,0.004360264521900242,-0.0006624804754313267
8.0,7.958061119737911,0.0,0.0,0.0017781284862597273,-3.2990134674031063e-16
8.0,7.958061119737911,0.09817477042468103,0.03125,0.001769584415541451,0.0002573200351125121
8.0,7.958061119737911,0.19634954084936207,0.0625,0.0017440276489383067,0.0005121524312492022
8.0,7.958061119737911,0.2945243112740431,0.09375,0.001701686064544741,0.0007620342754019625
8.0,7.958061119737911,0.39269908169872414,0.125,0.0016429436210827425,0.0010045518258514196
8.0,7.958061119737911,0.4908738521234052,0.15625,0.0015683436182964948,0.0012373643915828546
8.0,7.958061119737911,0.5890486225480862,0.1875,0.0014785886657501298,0.0014582273570372642
8.0,7.958061119737911,0.6872233929727672,0.21875,0.0013745353332966842,0.001665014069606754
8.0,7.958061119737911,0.7853981633974483,0.25,0.0012571832247101414,0.001855736330206439
8.0,7.958061119737911,0.8835729338221293,0.28125,0.0011276600858189099,0.0020285632686364084
8.0,7.958061119737911,0.9817477042468103,0.3125,0.0009872057031652985,0.0021818384400758076
8.0,7.958061119737911,1.0799224746714913,0.34374999999999994,0.00083715727582661,0.0023140950363377873
8.0,7.958061119737911,1.1780972450961724,0.375,0.0006789377110338411,0.002424069153496536
8.0,7.958061119737911,1.2762720155208536,0.40625000000000006,0.0005140464832929512,0.0025107110875559942
8.0,7.958061119737911,1.3744467859455345,0.4375,0.0003440511397451341,0.0025731946400285996
8.0,7.958061119737911,1.4726215563702154,0.46874999999999994,0.00017057693790084802,0.0026109244108701284
8.0,7.958061119737911,1.5707963267948966,0.5,-4.707274076621418e-06,0.0026235410470232725
8.0,7.958061119737911,1.6689710972195777,0.53125,-0.000180107280259011,0.002610924410870195
8.0,7.958061119737911,1.7671458676442586,0.5625,-0.00035392442457234753,0.002573194640028733
8.0,7.958061119737911,1.8653206380689396,0.59375,-0.0005244767077374454,0.002510711087556193
8.0,7.958061119737911,1.9634954084936207,0.625,-0.0006901175120014591,0.002424069153496797
8.0,7.958061119737911,2.061670178918302,0.65625,-0.0008492505368288201,0.0023140950363381083
8.0,7.958061119737911,2.1598449493429825,0.6874999999999999,-0.0010003412607131083,0.0021818384400761844
8.0,7.958061119737911,2.2580197197676637,0.71875,-0.0011419267768929594,0.0020285632686368373
8.0,7.958061119737911,2.356194490192345,0.75,-0.0012726264649606405,0.0018557363302069145
8.0,7.958061119737911,2.454369260617026,0.78125,-0.0013911553565139389,0.0016650140696072716
8.0,7.958061119737911,2.552544031041707,0.8125000000000001,-0.0014963404918877429,0.0014582273570378193
8.0,7.958061119737911,2.650718801466388,0.84375,-0.0015871387527974764,0.0012373643915834418
8.0,7.958061119737911,2.748893571891069,0.875,-0.0016626534245489017,0.0010045518258520328
8.0,7.958061119737911,2.84706834231575,0.90625,-0.0017221466701447658,0.000762034275402595
8.0,7.958061119737911,2.945243112740431,0.9374999999999999,-0.0017650462462428312,0.0005121524312498514
8.0,7.958061119737911,3.043417883165112,0.96875,-0.001790946664978589,0.0002573200351131693
8.0,7.958061119737911,3.141592653589793,1.0,-0.001799606780372286,3.298007483429344e-16
8.0,7.958061119737911,3.2397674240144743,1.03125,-0.0017909466649786389,-0.0002573200351125126
8.0,7.958061119737911,3.3379421944391554,1.0625,-0.001765046246242925,-0.0005121524312492034
8.0,7.958061119737911,3.436116964863836,1.09375,-0.0017221466701449022,-0.0007620342754019616
8.0,7.958061119737911,3.5342917352885173,1.125,-0.0016626534245490847,-0.0010045518258514198
8.0,7.958061119737911,3.6324665057131984,1.15625,-0.001587138752797698,-0.0012373643915828548
8.0,7.958061119737911,3.730641276137879,1.1875,-0.0014963404918880072,-0.0014582273570372642
8.0,7.958061119737911,3.8288160465625602,1.21875,-0.0013911553565142429,-0.0016650140696067538
8.0,7.958061119737911,3.9269908169872414,1.25,-0.0012726264649609753,-0.0018557363302064392
8.0,7.958061119737911,4.025165587411922,1.28125,-0.0011419267768933287,-0.002028563268636408
8.0,7.958061119737911,4.123340357836604,1.3125,-0.0010003412607135008,-0.0021818384400758076
8.0,7.958061119737911,4.221515128261284,1.34375,-0.0008492505368292379,-0.0023140950363377873
8.0,7.958061119737911,4.319689898685965,1.3749999999999998,-0.0006901175120018981,-0.002424069153496536
8.0,7.958061119737911,4.417864669110647,1.40625,-0.0005244767077378905,-0.0025107110875559942
8.0,7.958061119737911,4.516039439535327,1.4375,-0.00035392442457281076,-0.0025731946400285996
8.0,7.958061119737911,4.614214209960009,1.46875,-0.00018010728025947593,-0.0026109244108701284
8.0,7.958061119737911,4.71238898038469,1.5,-4.707274077089509e-06,-0.0026235410470232734
8.0,7.958061119737911,4.81056375080937,1.53125,0.00017057693790038583,-0.002610924410870196
8.0,7.958061119737911,4.908738521234052,1.5625,0.0003440511397446791,-0.002573194640028734
8.0,7.958061119737911,5.006913291658733,1.59375,0.0005140464832925026,-0.0025107110875561933
8.0,7.958061119737911,5.105088062083414,1.6250000000000002,0.0006789377110334109,-0.002424069153496797
8.0,7.958061119737911,5.203262832508095,1.65625,0.0008371572758262009,-0.0023140950363381083
8.0,7.958061119737911,5.301437602932776,1.6875,0.000987205703164907,-0.002181838440076185
8.0,7.958061119737911,5.399612373357457,1.71875,0.0011276600858185475,-0.002028563268636837
8.0,7.958061119737911,5.497787143782138,1.75,0.00125718322470981,-0.0018557363302069154
8.0,7.958061119737911,5.595961914206819,1.78125,0.001374535333296381,-0.0016650140696072738
8.0,7.958061119737911,5.6941366846315,1.8125,0.0014785886657498707,-0.0014582273570378202
8.0,7.958061119737911,5.792311455056181,1.84375,0.0015683436182962758,-0.0012373643915834422
8.0,7.958061119737911,5.890486225480862,1.8749999999999998,0.0016429436210825595,-0.0010045518258520341
8.0,7.958061119737911,5.988660995905543,1.90625,0.0017016860645446062,-0.0007620342754025957
8.0,7.958061119737911,6.086835766330224,1.9375,0.0017440276489382215,-0.000512152431249852
8.0,7.958061119737911,6.1850105367549055,1.96875,0.0017695844155414054,-0.00025732003511316927
