omega,kappa,kappaR,R,delta,delta_over_pi,frozen_force_right,evolved_super_force_right,full_pair_force_right,frozen_power_left,evolved_super_power_left,full_pair_power_left,super_over_frozen_force,pair_over_super_force,super_over_frozen_power,pair_over_super_power
0.9,0.4358898943540673,6.0,13.764944032233709,0.0,0.0,-0.006686710331772399,-0.006686710196785294,-0.007925669651968285,0.0,1.926005925323442e-16,2.8864871742319226e-16,0.9999999798126286,1.1852868478999783,nan,nan
0.9,0.4358898943540673,6.0,13.764944032233709,1.5707963267948966,0.5,4.264851959609418e-05,4.264861709387178e-05,-0.00013397862045064142,0.014420934465539033,0.014420934497763731,0.01437797030718938,1.000002286076481,-3.1414528671761537,1.0000000022345776,0.997020706904881
0.9,0.4358898943540673,6.0,13.764944032233709,3.141592653589793,1.0,0.006941814585032673,0.006941814551501686,0.006960821943338094,1.7645201733912036e-18,-1.3219506907124532e-16,-8.519266174190845e-17,0.9999999951697086,1.002738101355977,nan,nan
0.9,0.4358898943540673,7.0,16.059101370939327,0.0,0.0,-0.002548591907375163,-0.002548591894048724,-0.002712979731517894,0.0,5.344847850558521e-17,3.434928505751722e-17,0.9999999947710582,1.0645014362060226,nan,nan
0.9,0.4358898943540673,7.0,16.059101370939327,1.5707963267948966,0.5,5.825046553047976e-06,5.825052917077003e-06,-1.890440733369574e-05,0.005346283299556038,0.00534628331764337,0.005340394784878283,1.0000010925284406,-3.245362334524838,1.00000000338316,0.998898574502093
0.9,0.4358898943540673,7.0,16.059101370939327,3.141592653589793,1.0,0.002583502439282892,0.002583502446882102,0.0025896614682664656,6.526202495915512e-19,-2.900662158518619e-17,-5.253384182588948e-17,1.0000000029414373,1.0023839812467747,nan,nan
0.9,0.4358898943540673,8.0,18.353258709644944,0.0,0.0,-0.0009497370669968792,-0.0009497370656600301,-0.0009717297224721936,0.0,6.953589616149405e-18,2.50286730300804e-17,0.9999999985924009,1.0231565741796962,nan,nan
0.9,0.4358898943540673,8.0,18.353258709644944,1.5707963267948966,0.5,7.910056402012371e-07,7.910045496012399e-07,-2.571126244964998e-06,0.0019723896399575914,0.0019723896419308455,0.001971610175939701,0.9999986212487727,-3.250456961671271,1.0000000010004382,0.9996048113544233
0.9,0.4358898943540673,8.0,18.353258709644944,3.141592653589793,1.0,0.0009544811113282763,0.0009544811131768766,0.0009554517274515122,2.408279854036597e-19,-1.3371813371549872e-17,1.157469095703045e-21,1.0000000019367594,1.0010169025465627,nan,nan
