tag,target_kappaR,actual_kappaR,R,omega,kappa,a1_mid,a3_mid,A3_full,A3_fundamental_exact,A3_sextic_direct,A3_quartic_via_u3,A3_quadratic_u3,A3_order6_sum,A3_asym_local,full_over_order6,full_over_asym_local,order6_over_asym_local,A3_over_A1,phase_fit_rms
spp160,6.0,5.930744163977541,11.1328125,0.8462874708448075,0.5327264933257019,0.21337531115072705,0.0010192035226541255,1.5639151543355886e-06,1.4528743501803888e-06,1.6180041285151336e-06,-1.0608995786674626e-06,1.0597941400722664e-06,1.61689868991994e-06,1.7228764237789615e-06,0.9672313819569148,0.9077349557696617,0.9384879075502295,0.00012546922309145716,3.072842722264633e-08
spp160,6.25,6.2428885936605685,11.71875,0.8462874708448075,0.5327264933257019,0.18287880148237207,0.0011656253204440912,6.974399804701138e-07,5.921610136310167e-07,6.413495908859723e-07,-7.453773657400358e-07,7.918744909719857e-07,6.87846716117924e-07,6.829192027784047e-07,1.013946805483542,1.021262804783688,1.0072153679666234,7.476201305728465e-05,3.0680842864067545e-08
spp160,6.5,6.555033023343597,12.3046875,0.8462874708448075,0.5327264933257019,0.15670667771034896,0.0011681147362369178,1.6129862415377984e-07,2.3934332275044144e-07,2.5388651899280734e-07,-4.247803374638305e-07,3.21494420133195e-07,1.506006016621708e-07,2.703423867585789e-07,1.071035722125513,0.59664570579464,0.5570735816454122,2.3215449262059826e-05,3.0424558269693213e-08
spp160,6.75,6.7111052381851115,12.59765625,0.8462874708448075,0.5327264933257019,0.14505895622724968,0.001117392934040826,-5.036256078181516e-08,1.51834706527402e-07,1.5972831486813904e-07,-2.9759664039889053e-07,7.993182761015802e-08,-5.7936497920593053e-08,1.7008123962502304e-07,0.8692717473334577,-0.296108852997833,-0.34064014378261387,-8.410940297452393e-06,3.028754240141648e-08
spp160,7.0,7.02324966786814,13.18359375,0.8462874708448075,0.5327264933257019,0.12431158284145576,0.0009285051137237849,-3.586300794686812e-07,6.094658494720622e-08,6.326801350686061e-08,-1.2699892591817154e-07,-2.9777411674869454e-07,-3.615050291600054e-07,6.736878289076588e-08,0.9920472760835322,-5.323386650018254,-5.366061455290982,-8.08123607599413e-05,3.013699114968862e-08
spp160,7.25,7.1793218827096545,13.4765625,0.8462874708448075,0.5327264933257019,0.11509297117837698,0.0008022018510536353,-4.3649971013121523e-07,3.8589333876472086e-08,3.984808280564963e-08,-7.904960353374067e-08,-3.989537401088316e-07,-4.381552608369226e-07,4.2430869729392795e-08,0.9962215432434952,-10.28731470542642,-10.326332305496035,-0.00011434702166525655,3.016409463773553e-08
spp160,7.5,7.491466312392682,14.0625,0.8462874708448075,0.5327264933257019,0.09869780973771544,0.0005414597857819406,-4.015628931364726e-07,1.5476764138261083e-08,1.5847461720164605e-08,-3.4288532206334685e-08,-3.8371703364272207e-07,-4.021581041288922e-07,1.6874628249229295e-08,0.9985199577322732,-23.796843830015217,-23.832116369571565,-0.0001423478146041132,3.045142033973727e-08
spp160,7.75,7.803610742075711,14.6484375,0.8462874708448075,0.5327264933257019,0.08471013440924753,0.0004408752925965561,-1.241440018555867e-07,6.2249984990102096e-09,6.334711575392147e-09,-2.5656637969317955e-08,-1.0509779221638225e-07,-1.2441971861030803e-07,6.745301221634498e-09,0.9977839786345691,-18.404515643780922,-18.445391024384687,-5.96215787423955e-05,3.097704725541652e-08
spp160,8.0,7.959682956917225,14.94140625,0.8462874708448075,0.5327264933257019,0.07851328098068762,0.0005107242052677317,7.59672760764143e-08,3.955943764297044e-09,4.015812057321968e-09,-2.5844618747865038e-08,9.761326606359318e-08,7.57844593730501e-08,4.276100285502187e-09,1.0024123244379732,17.765550619562394,17.722797482087103,4.2480125687008097e-05,3.128074552034393e-08
spp160,8.25,8.271827386600254,15.52734375,0.8462874708448075,0.5327264933257019,0.06752807523499176,0.0007674479799388013,4.952735590180642e-07,1.6076413827250832e-09,1.6256267894739769e-09,-2.5737565693056643e-08,5.193597999471836e-07,4.952478610436007e-07,1.7309931539040532e-09,1.0000518891175205,286.12103860782605,286.106192809964,0.00037564144927547876,3.18581760860142e-08
spp160,8.5,8.427899601441768,15.8203125,0.8462874708448075,0.5327264933257019,0.06267357974215691,0.0009013443685924028,6.680650861022358e-07,1.0291000331820675e-09,1.0390145457899147e-09,-2.4081904529905538e-08,6.911450408931096e-07,6.681021509089941e-07,1.1063591454167928e-09,0.9999445222460249,603.8410663207915,603.8745679255027,0.0005902213193155779,3.209005296050689e-08
spp160,8.75,8.740044031124796,16.40625,0.8462874708448075,0.5327264933257019,0.05409332556512774,0.0011182388705936778,8.436672188604299e-07,4.264541228218393e-10,4.2951339505920894e-10,-1.782578723655346e-08,8.611765315247931e-07,8.437802576832989e-07,4.573526661664798e-10,0.9998660328659746,1844.6754141219517,1844.92257311157,0.0010116830516803642,3.23609321252547e-08
spp160,9.0,9.052188460807825,16.9921875,0.8462874708448075,0.5327264933257019,0.0468459974169687,0.0012299994821788028,7.366740824867407e-07,1.802270333544433e-10,1.8119639863319723e-10,-1.023455046457068e-08,7.468517008332662e-07,7.367983467673286e-07,1.929407952532732e-10,0.9998313456034027,3818.135410500974,3818.779464447289,0.001199552954607431,3.2341274002456183e-08
spp320,6.0,5.929535736275306,11.1328125,0.8463557896693058,0.5326179468373609,0.2133674588443074,0.0009941497394104284,1.564797289588699e-06,1.4525647006613317e-06,1.6176469017493728e-06,-1.0339041313247827e-06,1.0375990809540095e-06,1.6213418513786031e-06,1.7224793937981364e-06,0.9651248367259346,0.9084563189683552,0.941283743199667,0.00012551980961365134,3.040670468608517e-08
spp320,6.25,6.2416165645003225,11.71875,0.8463557896693058,0.5326179468373609,0.182872354323776,0.001139094862912598,7.011732871419378e-07,5.920390160770535e-07,6.412139430770447e-07,-7.278301959188293e-07,7.798632384641954e-07,6.932469856224097e-07,6.827681632943772e-07,1.0114335895920437,1.0269566228143319,1.0153475555706521,7.514847181794006e-05,3.0381958452172604e-08
spp320,6.5,6.553697392725339,12.3046875,0.8463557896693058,0.5326179468373609,0.15670155009354317,0.001141730594026876,1.6573381958877803e-07,2.3929724349228876e-07,2.538366783742065e-07,-4.1358692430629024e-07,3.1557567969119405e-07,1.558254337591104e-07,2.7028670312223424e-07,1.0635864479285515,0.6131778503133641,0.5765190516554565,2.3848844914548746e-05,3.014254394343164e-08
spp320,6.75,6.709737806837847,12.59765625,0.8463557896693058,0.5326179468373609,0.14505445834280298,0.0010915943193626227,-4.728643339846661e-08,1.5180693021826365e-07,1.5969860072299494e-07,-2.887380699213995e-07,7.472797288951388e-08,-5.4311496308890637e-08,1.7004795587113457e-07,0.8706523777126346,-0.2780770468908261,-0.3193892924537645,-7.895456891059566e-06,3.000941135623205e-08
spp320,7.0,7.021818635062862,13.18359375,0.8463557896693058,0.5326179468373609,0.12430830162406006,0.0009043672125887255,-3.621422048288621e-07,6.093705224536397e-08,6.325799437251584e-08,-1.2155571091247377e-07,-3.064533949193643e-07,-3.6475111145932224e-07,6.735746328931438e-08,0.9928474333634729,-5.376422851219703,-5.41515510898384,-8.158343907513803e-05,2.985500794665597e-08
spp320,7.25,7.177859049175371,13.4765625,0.8463557896693058,0.5326179468373609,0.11509028800786716,0.000778711062704383,-4.449084973323324e-07,3.8583993523538814e-08,3.9842509243604036e-08,-7.481794068998115e-08,-4.114073119117548e-07,-4.463827433581319e-07,4.242452484228985e-08,0.9966973498690636,-10.487059053371794,-10.521808906935975,-0.00011651909862791542,2.9874738305424686e-08
spp320,7.5,7.489939877400387,14.0625,0.8463557896693058,0.5326179468373609,0.0986963368383552,0.0005170311481002013,-4.210557435912558e-07,1.547538924854676e-08,1.5846042792299758e-08,-3.175285476172806e-08,-4.0567391447521996e-07,-4.215807264446481e-07,1.6872954260576045e-08,0.9987547275753811,-24.954476678400056,-24.985590545318964,-0.00014921404192018032,3.014027874704549e-08
spp320,7.75,7.802020705625403,14.6484375,0.8463557896693058,0.5326179468373609,0.08470993960509093,0.00041429685046348396,-1.5300099413759006e-07,6.224913104052575e-09,6.334624169955272e-09,-2.412907926959989e-08,-1.3547683504314016e-07,-1.5327129014278476e-07,6.745142953263643e-09,0.9982364863964875,-22.683135879805246,-22.723208567229005,-7.345687850448314e-05,3.06411381797839e-08
spp320,8.0,7.958061119737911,14.94140625,0.8463557896693058,0.5326179468373609,0.07851376704625354,0.00048577557430519967,4.4292659145733844e-08,3.956089977803435e-09,4.015961227868406e-09,-2.464844679974502e-08,6.472689679161254e-08,4.409441121973593e-08,4.276217791296039e-09,1.004495987598292,10.357905351754686,10.311544774330066,2.475971285420885e-05,3.0933324616483854e-08
spp320,8.25,8.270141947962927,15.52734375,0.8463557896693058,0.5326179468373609,0.06753002975589076,0.0007440980125956824,4.6312013082446733e-07,1.6079195600534721e-09,1.6259091210619697e-09,-2.4984454677945616e-08,4.864133101258055e-07,4.630547645689219e-07,1.7312770507513227e-09,1.0001411631205357,267.5020330359528,267.4642769439876,0.0003511285798009493,3.149237289939091e-08
spp320,8.5,8.426182362075435,15.8203125,0.8463557896693058,0.5326179468373609,0.06267632676648864,0.0008775162376735351,6.382747181974544e-07,1.0293698352599385e-09,1.0392878198893177e-09,-2.3476643053221235e-08,6.607045241157478e-07,6.382671688824157e-07,1.106639435372955e-09,1.0000118278291703,576.7684557367556,576.7616338986778,0.0005636943923665402,3.1718234481201325e-08
spp320,8.75,8.73826319030045,16.40625,0.8463557896693058,0.5326179468373609,0.05409777560349538,0.0010927522057664891,8.224417590121069e-07,4.266641616732055e-10,4.2972544460968335e-10,-1.742979424853291e-08,8.39510949724456e-07,8.225108809205329e-07,4.5757403703518555e-10,0.9999159623173025,1797.3960330901914,1797.5470947825766,0.0009858557683619681,3.198407698123502e-08
spp320,9.0,9.050344018525468,16.9921875,0.8463557896693058,0.5326179468373609,0.04685229586127596,0.001203321624338926,7.257157108098762e-07,1.8037221189894712e-10,1.813426189075003e-10,-9.97899043584446e-09,7.356029288434264e-07,7.258052810264895e-07,1.9309462648972571e-10,0.999876591946966,3758.342342315209,3758.8062092712275,0.0011812654923063167,3.196617664624125e-08
